Liga,Klub,Link_Bezposredni
English Premier League,Bolton Wanderers,https://r2.thesportsdb.com/images/media/team/badge/yvxxrv1448808301.png
English Premier League,Wigan Athletic,https://r2.thesportsdb.com/images/media/team/badge/wtxwyw1448759640.png
English Premier League,Blackpool,https://r2.thesportsdb.com/images/media/team/badge/utywru1448754934.png
English Premier League,Doncaster Rovers,https://r2.thesportsdb.com/images/media/team/badge/ssvpvx1424033260.png
English Premier League,Barnsley,https://r2.thesportsdb.com/images/media/team/badge/xvxsuv1447437855.png
English Premier League,Peterborough United,https://www.thesportsdb.com/images/media/team/badge/63gt4u1761710001.png
English Premier League,Reading,https://r2.thesportsdb.com/images/media/team/badge/tprvtu1448811527.png
English Premier League,Cardiff City,https://r2.thesportsdb.com/images/media/team/badge/xtytpt1448808285.png
English Premier League,Plymouth Argyle,https://r2.thesportsdb.com/images/media/team/badge/wod5cj1689630278.png
English Premier League,Luton Town,https://r2.thesportsdb.com/images/media/team/badge/v977eh1681319466.png
English Premier League,Huddersfield Town,https://r2.thesportsdb.com/images/media/team/badge/y11fin1677527513.png
English Premier League,Bradford City,https://r2.thesportsdb.com/images/media/team/badge/trwxxv1424033151.png
English Premier League,Rotherham United,https://r2.thesportsdb.com/images/media/team/badge/sewy0z1752149213.png
English Premier League,AFC Wimbledon,https://r2.thesportsdb.com/images/media/team/badge/md7iqx1684129667.png
English Premier League,Stockport County,https://r2.thesportsdb.com/images/media/team/badge/jcsz9k1594450753.png
English Premier League,Exeter City,https://r2.thesportsdb.com/images/media/team/badge/98wt4h1521144923.png
English Premier League,Leyton Orient,https://r2.thesportsdb.com/images/media/team/badge/g4d9bi1688678797.png
English Premier League,Northampton Town,https://r2.thesportsdb.com/images/media/team/badge/aa42641684131255.png
English Premier League,Port Vale,https://www.thesportsdb.com/images/media/team/badge/s1ke3v1761710614.png
English Premier League,Burton Albion,https://r2.thesportsdb.com/images/media/team/badge/uvpqpw1423804499.png
English Premier League,Stevenage,https://r2.thesportsdb.com/images/media/team/badge/o4m2ci1596480474.png
English Premier League,Mansfield Town,https://www.thesportsdb.com/images/media/team/badge/c1fpes1761709071.png
English Premier League,Wycombe Wanderers,https://r2.thesportsdb.com/images/media/team/badge/avi3bu1688678934.png
English Premier League,Lincoln City,https://r2.thesportsdb.com/images/media/team/badge/x46tji1719860130.png
Spanish La Liga,Bolton Wanderers,https://r2.thesportsdb.com/images/media/team/badge/yvxxrv1448808301.png
Spanish La Liga,Wigan Athletic,https://r2.thesportsdb.com/images/media/team/badge/wtxwyw1448759640.png
Spanish La Liga,Blackpool,https://r2.thesportsdb.com/images/media/team/badge/utywru1448754934.png
Spanish La Liga,Doncaster Rovers,https://r2.thesportsdb.com/images/media/team/badge/ssvpvx1424033260.png
Spanish La Liga,Barnsley,https://r2.thesportsdb.com/images/media/team/badge/xvxsuv1447437855.png
Spanish La Liga,Peterborough United,https://www.thesportsdb.com/images/media/team/badge/63gt4u1761710001.png
Spanish La Liga,Reading,https://r2.thesportsdb.com/images/media/team/badge/tprvtu1448811527.png
Spanish La Liga,Cardiff City,https://r2.thesportsdb.com/images/media/team/badge/xtytpt1448808285.png
Spanish La Liga,Plymouth Argyle,https://r2.thesportsdb.com/images/media/team/badge/wod5cj1689630278.png
Spanish La Liga,Luton Town,https://r2.thesportsdb.com/images/media/team/badge/v977eh1681319466.png
Spanish La Liga,Huddersfield Town,https://r2.thesportsdb.com/images/media/team/badge/y11fin1677527513.png
Spanish La Liga,Bradford City,https://r2.thesportsdb.com/images/media/team/badge/trwxxv1424033151.png
Spanish La Liga,Rotherham United,https://r2.thesportsdb.com/images/media/team/badge/sewy0z1752149213.png
Spanish La Liga,AFC Wimbledon,https://r2.thesportsdb.com/images/media/team/badge/md7iqx1684129667.png
Spanish La Liga,Stockport County,https://r2.thesportsdb.com/images/media/team/badge/jcsz9k1594450753.png
Spanish La Liga,Exeter City,https://r2.thesportsdb.com/images/media/team/badge/98wt4h1521144923.png
Spanish La Liga,Leyton Orient,https://r2.thesportsdb.com/images/media/team/badge/g4d9bi1688678797.png
Spanish La Liga,Northampton Town,https://r2.thesportsdb.com/images/media/team/badge/aa42641684131255.png
Spanish La Liga,Port Vale,https://www.thesportsdb.com/images/media/team/badge/s1ke3v1761710614.png
Spanish La Liga,Burton Albion,https://r2.thesportsdb.com/images/media/team/badge/uvpqpw1423804499.png
Spanish La Liga,Stevenage,https://r2.thesportsdb.com/images/media/team/badge/o4m2ci1596480474.png
Spanish La Liga,Mansfield Town,https://www.thesportsdb.com/images/media/team/badge/c1fpes1761709071.png
Spanish La Liga,Wycombe Wanderers,https://r2.thesportsdb.com/images/media/team/badge/avi3bu1688678934.png
Spanish La Liga,Lincoln City,https://r2.thesportsdb.com/images/media/team/badge/x46tji1719860130.png
German Bundesliga,Bolton Wanderers,https://r2.thesportsdb.com/images/media/team/badge/yvxxrv1448808301.png
German Bundesliga,Wigan Athletic,https://r2.thesportsdb.com/images/media/team/badge/wtxwyw1448759640.png
German Bundesliga,Blackpool,https://r2.thesportsdb.com/images/media/team/badge/utywru1448754934.png
German Bundesliga,Doncaster Rovers,https://r2.thesportsdb.com/images/media/team/badge/ssvpvx1424033260.png
German Bundesliga,Barnsley,https://r2.thesportsdb.com/images/media/team/badge/xvxsuv1447437855.png
German Bundesliga,Peterborough United,https://www.thesportsdb.com/images/media/team/badge/63gt4u1761710001.png
German Bundesliga,Reading,https://r2.thesportsdb.com/images/media/team/badge/tprvtu1448811527.png
German Bundesliga,Cardiff City,https://r2.thesportsdb.com/images/media/team/badge/xtytpt1448808285.png
German Bundesliga,Plymouth Argyle,https://r2.thesportsdb.com/images/media/team/badge/wod5cj1689630278.png
German Bundesliga,Luton Town,https://r2.thesportsdb.com/images/media/team/badge/v977eh1681319466.png
German Bundesliga,Huddersfield Town,https://r2.thesportsdb.com/images/media/team/badge/y11fin1677527513.png
German Bundesliga,Bradford City,https://r2.thesportsdb.com/images/media/team/badge/trwxxv1424033151.png
German Bundesliga,Rotherham United,https://r2.thesportsdb.com/images/media/team/badge/sewy0z1752149213.png
German Bundesliga,AFC Wimbledon,https://r2.thesportsdb.com/images/media/team/badge/md7iqx1684129667.png
German Bundesliga,Stockport County,https://r2.thesportsdb.com/images/media/team/badge/jcsz9k1594450753.png
German Bundesliga,Exeter City,https://r2.thesportsdb.com/images/media/team/badge/98wt4h1521144923.png
German Bundesliga,Leyton Orient,https://r2.thesportsdb.com/images/media/team/badge/g4d9bi1688678797.png
German Bundesliga,Northampton Town,https://r2.thesportsdb.com/images/media/team/badge/aa42641684131255.png
German Bundesliga,Port Vale,https://www.thesportsdb.com/images/media/team/badge/s1ke3v1761710614.png
German Bundesliga,Burton Albion,https://r2.thesportsdb.com/images/media/team/badge/uvpqpw1423804499.png
German Bundesliga,Stevenage,https://r2.thesportsdb.com/images/media/team/badge/o4m2ci1596480474.png
German Bundesliga,Mansfield Town,https://www.thesportsdb.com/images/media/team/badge/c1fpes1761709071.png
German Bundesliga,Wycombe Wanderers,https://r2.thesportsdb.com/images/media/team/badge/avi3bu1688678934.png
German Bundesliga,Lincoln City,https://r2.thesportsdb.com/images/media/team/badge/x46tji1719860130.png
Italian Serie A,Bolton Wanderers,https://r2.thesportsdb.com/images/media/team/badge/yvxxrv1448808301.png
Italian Serie A,Wigan Athletic,https://r2.thesportsdb.com/images/media/team/badge/wtxwyw1448759640.png
Italian Serie A,Blackpool,https://r2.thesportsdb.com/images/media/team/badge/utywru1448754934.png
Italian Serie A,Doncaster Rovers,https://r2.thesportsdb.com/images/media/team/badge/ssvpvx1424033260.png
Italian Serie A,Barnsley,https://r2.thesportsdb.com/images/media/team/badge/xvxsuv1447437855.png
Italian Serie A,Peterborough United,https://www.thesportsdb.com/images/media/team/badge/63gt4u1761710001.png
Italian Serie A,Reading,https://r2.thesportsdb.com/images/media/team/badge/tprvtu1448811527.png
Italian Serie A,Cardiff City,https://r2.thesportsdb.com/images/media/team/badge/xtytpt1448808285.png
Italian Serie A,Plymouth Argyle,https://r2.thesportsdb.com/images/media/team/badge/wod5cj1689630278.png
Italian Serie A,Luton Town,https://r2.thesportsdb.com/images/media/team/badge/v977eh1681319466.png
Italian Serie A,Huddersfield Town,https://r2.thesportsdb.com/images/media/team/badge/y11fin1677527513.png
Italian Serie A,Bradford City,https://r2.thesportsdb.com/images/media/team/badge/trwxxv1424033151.png
Italian Serie A,Rotherham United,https://r2.thesportsdb.com/images/media/team/badge/sewy0z1752149213.png
Italian Serie A,AFC Wimbledon,https://r2.thesportsdb.com/images/media/team/badge/md7iqx1684129667.png
Italian Serie A,Stockport County,https://r2.thesportsdb.com/images/media/team/badge/jcsz9k1594450753.png
Italian Serie A,Exeter City,https://r2.thesportsdb.com/images/media/team/badge/98wt4h1521144923.png
Italian Serie A,Leyton Orient,https://r2.thesportsdb.com/images/media/team/badge/g4d9bi1688678797.png
Italian Serie A,Northampton Town,https://r2.thesportsdb.com/images/media/team/badge/aa42641684131255.png
Italian Serie A,Port Vale,https://www.thesportsdb.com/images/media/team/badge/s1ke3v1761710614.png
Italian Serie A,Burton Albion,https://r2.thesportsdb.com/images/media/team/badge/uvpqpw1423804499.png
Italian Serie A,Stevenage,https://r2.thesportsdb.com/images/media/team/badge/o4m2ci1596480474.png
Italian Serie A,Mansfield Town,https://www.thesportsdb.com/images/media/team/badge/c1fpes1761709071.png
Italian Serie A,Wycombe Wanderers,https://r2.thesportsdb.com/images/media/team/badge/avi3bu1688678934.png
Italian Serie A,Lincoln City,https://r2.thesportsdb.com/images/media/team/badge/x46tji1719860130.png
French Ligue 1,Bolton Wanderers,https://r2.thesportsdb.com/images/media/team/badge/yvxxrv1448808301.png
French Ligue 1,Wigan Athletic,https://r2.thesportsdb.com/images/media/team/badge/wtxwyw1448759640.png
French Ligue 1,Blackpool,https://r2.thesportsdb.com/images/media/team/badge/utywru1448754934.png
French Ligue 1,Doncaster Rovers,https://r2.thesportsdb.com/images/media/team/badge/ssvpvx1424033260.png
French Ligue 1,Barnsley,https://r2.thesportsdb.com/images/media/team/badge/xvxsuv1447437855.png
French Ligue 1,Peterborough United,https://www.thesportsdb.com/images/media/team/badge/63gt4u1761710001.png
French Ligue 1,Reading,https://r2.thesportsdb.com/images/media/team/badge/tprvtu1448811527.png
French Ligue 1,Cardiff City,https://r2.thesportsdb.com/images/media/team/badge/xtytpt1448808285.png
French Ligue 1,Plymouth Argyle,https://r2.thesportsdb.com/images/media/team/badge/wod5cj1689630278.png
French Ligue 1,Luton Town,https://r2.thesportsdb.com/images/media/team/badge/v977eh1681319466.png
French Ligue 1,Huddersfield Town,https://r2.thesportsdb.com/images/media/team/badge/y11fin1677527513.png
French Ligue 1,Bradford City,https://r2.thesportsdb.com/images/media/team/badge/trwxxv1424033151.png
French Ligue 1,Rotherham United,https://r2.thesportsdb.com/images/media/team/badge/sewy0z1752149213.png
French Ligue 1,AFC Wimbledon,https://r2.thesportsdb.com/images/media/team/badge/md7iqx1684129667.png
French Ligue 1,Stockport County,https://r2.thesportsdb.com/images/media/team/badge/jcsz9k1594450753.png
French Ligue 1,Exeter City,https://r2.thesportsdb.com/images/media/team/badge/98wt4h1521144923.png
French Ligue 1,Leyton Orient,https://r2.thesportsdb.com/images/media/team/badge/g4d9bi1688678797.png
French Ligue 1,Northampton Town,https://r2.thesportsdb.com/images/media/team/badge/aa42641684131255.png
French Ligue 1,Port Vale,https://www.thesportsdb.com/images/media/team/badge/s1ke3v1761710614.png
French Ligue 1,Burton Albion,https://r2.thesportsdb.com/images/media/team/badge/uvpqpw1423804499.png
French Ligue 1,Stevenage,https://r2.thesportsdb.com/images/media/team/badge/o4m2ci1596480474.png
French Ligue 1,Mansfield Town,https://www.thesportsdb.com/images/media/team/badge/c1fpes1761709071.png
French Ligue 1,Wycombe Wanderers,https://r2.thesportsdb.com/images/media/team/badge/avi3bu1688678934.png
French Ligue 1,Lincoln City,https://r2.thesportsdb.com/images/media/team/badge/x46tji1719860130.png
Dutch Eredivisie,Bolton Wanderers,https://r2.thesportsdb.com/images/media/team/badge/yvxxrv1448808301.png
Dutch Eredivisie,Wigan Athletic,https://r2.thesportsdb.com/images/media/team/badge/wtxwyw1448759640.png
Dutch Eredivisie,Blackpool,https://r2.thesportsdb.com/images/media/team/badge/utywru1448754934.png
Dutch Eredivisie,Doncaster Rovers,https://r2.thesportsdb.com/images/media/team/badge/ssvpvx1424033260.png
Dutch Eredivisie,Barnsley,https://r2.thesportsdb.com/images/media/team/badge/xvxsuv1447437855.png
Dutch Eredivisie,Peterborough United,https://www.thesportsdb.com/images/media/team/badge/63gt4u1761710001.png
Dutch Eredivisie,Reading,https://r2.thesportsdb.com/images/media/team/badge/tprvtu1448811527.png
Dutch Eredivisie,Cardiff City,https://r2.thesportsdb.com/images/media/team/badge/xtytpt1448808285.png
Dutch Eredivisie,Plymouth Argyle,https://r2.thesportsdb.com/images/media/team/badge/wod5cj1689630278.png
Dutch Eredivisie,Luton Town,https://r2.thesportsdb.com/images/media/team/badge/v977eh1681319466.png
Dutch Eredivisie,Huddersfield Town,https://r2.thesportsdb.com/images/media/team/badge/y11fin1677527513.png
Dutch Eredivisie,Bradford City,https://r2.thesportsdb.com/images/media/team/badge/trwxxv1424033151.png
Dutch Eredivisie,Rotherham United,https://r2.thesportsdb.com/images/media/team/badge/sewy0z1752149213.png
Dutch Eredivisie,AFC Wimbledon,https://r2.thesportsdb.com/images/media/team/badge/md7iqx1684129667.png
Dutch Eredivisie,Stockport County,https://r2.thesportsdb.com/images/media/team/badge/jcsz9k1594450753.png
Dutch Eredivisie,Exeter City,https://r2.thesportsdb.com/images/media/team/badge/98wt4h1521144923.png
Dutch Eredivisie,Leyton Orient,https://r2.thesportsdb.com/images/media/team/badge/g4d9bi1688678797.png
Dutch Eredivisie,Northampton Town,https://r2.thesportsdb.com/images/media/team/badge/aa42641684131255.png
Dutch Eredivisie,Port Vale,https://www.thesportsdb.com/images/media/team/badge/s1ke3v1761710614.png
Dutch Eredivisie,Burton Albion,https://r2.thesportsdb.com/images/media/team/badge/uvpqpw1423804499.png
Dutch Eredivisie,Stevenage,https://r2.thesportsdb.com/images/media/team/badge/o4m2ci1596480474.png
Dutch Eredivisie,Mansfield Town,https://www.thesportsdb.com/images/media/team/badge/c1fpes1761709071.png
Dutch Eredivisie,Wycombe Wanderers,https://r2.thesportsdb.com/images/media/team/badge/avi3bu1688678934.png
Dutch Eredivisie,Lincoln City,https://r2.thesportsdb.com/images/media/team/badge/x46tji1719860130.png
Portuguese Primeira Liga,Bolton Wanderers,https://r2.thesportsdb.com/images/media/team/badge/yvxxrv1448808301.png
Portuguese Primeira Liga,Wigan Athletic,https://r2.thesportsdb.com/images/media/team/badge/wtxwyw1448759640.png
Portuguese Primeira Liga,Blackpool,https://r2.thesportsdb.com/images/media/team/badge/utywru1448754934.png
Portuguese Primeira Liga,Doncaster Rovers,https://r2.thesportsdb.com/images/media/team/badge/ssvpvx1424033260.png
Portuguese Primeira Liga,Barnsley,https://r2.thesportsdb.com/images/media/team/badge/xvxsuv1447437855.png
Portuguese Primeira Liga,Peterborough United,https://www.thesportsdb.com/images/media/team/badge/63gt4u1761710001.png
Portuguese Primeira Liga,Reading,https://r2.thesportsdb.com/images/media/team/badge/tprvtu1448811527.png
Portuguese Primeira Liga,Cardiff City,https://r2.thesportsdb.com/images/media/team/badge/xtytpt1448808285.png
Portuguese Primeira Liga,Plymouth Argyle,https://r2.thesportsdb.com/images/media/team/badge/wod5cj1689630278.png
Portuguese Primeira Liga,Luton Town,https://r2.thesportsdb.com/images/media/team/badge/v977eh1681319466.png
Portuguese Primeira Liga,Huddersfield Town,https://r2.thesportsdb.com/images/media/team/badge/y11fin1677527513.png
Portuguese Primeira Liga,Bradford City,https://r2.thesportsdb.com/images/media/team/badge/trwxxv1424033151.png
Portuguese Primeira Liga,Rotherham United,https://r2.thesportsdb.com/images/media/team/badge/sewy0z1752149213.png
Portuguese Primeira Liga,AFC Wimbledon,https://r2.thesportsdb.com/images/media/team/badge/md7iqx1684129667.png
Portuguese Primeira Liga,Stockport County,https://r2.thesportsdb.com/images/media/team/badge/jcsz9k1594450753.png
Portuguese Primeira Liga,Exeter City,https://r2.thesportsdb.com/images/media/team/badge/98wt4h1521144923.png
Portuguese Primeira Liga,Leyton Orient,https://r2.thesportsdb.com/images/media/team/badge/g4d9bi1688678797.png
Portuguese Primeira Liga,Northampton Town,https://r2.thesportsdb.com/images/media/team/badge/aa42641684131255.png
Portuguese Primeira Liga,Port Vale,https://www.thesportsdb.com/images/media/team/badge/s1ke3v1761710614.png
Portuguese Primeira Liga,Burton Albion,https://r2.thesportsdb.com/images/media/team/badge/uvpqpw1423804499.png
Portuguese Primeira Liga,Stevenage,https://r2.thesportsdb.com/images/media/team/badge/o4m2ci1596480474.png
Portuguese Primeira Liga,Mansfield Town,https://www.thesportsdb.com/images/media/team/badge/c1fpes1761709071.png
Portuguese Primeira Liga,Wycombe Wanderers,https://r2.thesportsdb.com/images/media/team/badge/avi3bu1688678934.png
Portuguese Primeira Liga,Lincoln City,https://r2.thesportsdb.com/images/media/team/badge/x46tji1719860130.png
Polish Ekstraklasa,Bolton Wanderers,https://r2.thesportsdb.com/images/media/team/badge/yvxxrv1448808301.png
Polish Ekstraklasa,Wigan Athletic,https://r2.thesportsdb.com/images/media/team/badge/wtxwyw1448759640.png
Polish Ekstraklasa,Blackpool,https://r2.thesportsdb.com/images/media/team/badge/utywru1448754934.png
Polish Ekstraklasa,Doncaster Rovers,https://r2.thesportsdb.com/images/media/team/badge/ssvpvx1424033260.png
Polish Ekstraklasa,Barnsley,https://r2.thesportsdb.com/images/media/team/badge/xvxsuv1447437855.png
Polish Ekstraklasa,Peterborough United,https://www.thesportsdb.com/images/media/team/badge/63gt4u1761710001.png
Polish Ekstraklasa,Reading,https://r2.thesportsdb.com/images/media/team/badge/tprvtu1448811527.png
Polish Ekstraklasa,Cardiff City,https://r2.thesportsdb.com/images/media/team/badge/xtytpt1448808285.png
Polish Ekstraklasa,Plymouth Argyle,https://r2.thesportsdb.com/images/media/team/badge/wod5cj1689630278.png
Polish Ekstraklasa,Luton Town,https://r2.thesportsdb.com/images/media/team/badge/v977eh1681319466.png
Polish Ekstraklasa,Huddersfield Town,https://r2.thesportsdb.com/images/media/team/badge/y11fin1677527513.png
Polish Ekstraklasa,Bradford City,https://r2.thesportsdb.com/images/media/team/badge/trwxxv1424033151.png
Polish Ekstraklasa,Rotherham United,https://r2.thesportsdb.com/images/media/team/badge/sewy0z1752149213.png
Polish Ekstraklasa,AFC Wimbledon,https://r2.thesportsdb.com/images/media/team/badge/md7iqx1684129667.png
Polish Ekstraklasa,Stockport County,https://r2.thesportsdb.com/images/media/team/badge/jcsz9k1594450753.png
Polish Ekstraklasa,Exeter City,https://r2.thesportsdb.com/images/media/team/badge/98wt4h1521144923.png
Polish Ekstraklasa,Leyton Orient,https://r2.thesportsdb.com/images/media/team/badge/g4d9bi1688678797.png
Polish Ekstraklasa,Northampton Town,https://r2.thesportsdb.com/images/media/team/badge/aa42641684131255.png
Polish Ekstraklasa,Port Vale,https://www.thesportsdb.com/images/media/team/badge/s1ke3v1761710614.png
Polish Ekstraklasa,Burton Albion,https://r2.thesportsdb.com/images/media/team/badge/uvpqpw1423804499.png
Polish Ekstraklasa,Stevenage,https://r2.thesportsdb.com/images/media/team/badge/o4m2ci1596480474.png
Polish Ekstraklasa,Mansfield Town,https://www.thesportsdb.com/images/media/team/badge/c1fpes1761709071.png
Polish Ekstraklasa,Wycombe Wanderers,https://r2.thesportsdb.com/images/media/team/badge/avi3bu1688678934.png
Polish Ekstraklasa,Lincoln City,https://r2.thesportsdb.com/images/media/team/badge/x46tji1719860130.png
Brazilian Serie A,Bolton Wanderers,https://r2.thesportsdb.com/images/media/team/badge/yvxxrv1448808301.png
Brazilian Serie A,Wigan Athletic,https://r2.thesportsdb.com/images/media/team/badge/wtxwyw1448759640.png
Brazilian Serie A,Blackpool,https://r2.thesportsdb.com/images/media/team/badge/utywru1448754934.png
Brazilian Serie A,Doncaster Rovers,https://r2.thesportsdb.com/images/media/team/badge/ssvpvx1424033260.png
Brazilian Serie A,Barnsley,https://r2.thesportsdb.com/images/media/team/badge/xvxsuv1447437855.png
Brazilian Serie A,Peterborough United,https://www.thesportsdb.com/images/media/team/badge/63gt4u1761710001.png
Brazilian Serie A,Reading,https://r2.thesportsdb.com/images/media/team/badge/tprvtu1448811527.png
Brazilian Serie A,Cardiff City,https://r2.thesportsdb.com/images/media/team/badge/xtytpt1448808285.png
Brazilian Serie A,Plymouth Argyle,https://r2.thesportsdb.com/images/media/team/badge/wod5cj1689630278.png
Brazilian Serie A,Luton Town,https://r2.thesportsdb.com/images/media/team/badge/v977eh1681319466.png
Brazilian Serie A,Huddersfield Town,https://r2.thesportsdb.com/images/media/team/badge/y11fin1677527513.png
Brazilian Serie A,Bradford City,https://r2.thesportsdb.com/images/media/team/badge/trwxxv1424033151.png
Brazilian Serie A,Rotherham United,https://r2.thesportsdb.com/images/media/team/badge/sewy0z1752149213.png
Brazilian Serie A,AFC Wimbledon,https://r2.thesportsdb.com/images/media/team/badge/md7iqx1684129667.png
Brazilian Serie A,Stockport County,https://r2.thesportsdb.com/images/media/team/badge/jcsz9k1594450753.png
Brazilian Serie A,Exeter City,https://r2.thesportsdb.com/images/media/team/badge/98wt4h1521144923.png
Brazilian Serie A,Leyton Orient,https://r2.thesportsdb.com/images/media/team/badge/g4d9bi1688678797.png
Brazilian Serie A,Northampton Town,https://r2.thesportsdb.com/images/media/team/badge/aa42641684131255.png
Brazilian Serie A,Port Vale,https://www.thesportsdb.com/images/media/team/badge/s1ke3v1761710614.png
Brazilian Serie A,Burton Albion,https://r2.thesportsdb.com/images/media/team/badge/uvpqpw1423804499.png
Brazilian Serie A,Stevenage,https://r2.thesportsdb.com/images/media/team/badge/o4m2ci1596480474.png
Brazilian Serie A,Mansfield Town,https://www.thesportsdb.com/images/media/team/badge/c1fpes1761709071.png
Brazilian Serie A,Wycombe Wanderers,https://r2.thesportsdb.com/images/media/team/badge/avi3bu1688678934.png
Brazilian Serie A,Lincoln City,https://r2.thesportsdb.com/images/media/team/badge/x46tji1719860130.png
Turkish Super Lig,Bolton Wanderers,https://r2.thesportsdb.com/images/media/team/badge/yvxxrv1448808301.png
Turkish Super Lig,Wigan Athletic,https://r2.thesportsdb.com/images/media/team/badge/wtxwyw1448759640.png
Turkish Super Lig,Blackpool,https://r2.thesportsdb.com/images/media/team/badge/utywru1448754934.png
Turkish Super Lig,Doncaster Rovers,https://r2.thesportsdb.com/images/media/team/badge/ssvpvx1424033260.png
Turkish Super Lig,Barnsley,https://r2.thesportsdb.com/images/media/team/badge/xvxsuv1447437855.png
Turkish Super Lig,Peterborough United,https://www.thesportsdb.com/images/media/team/badge/63gt4u1761710001.png
Turkish Super Lig,Reading,https://r2.thesportsdb.com/images/media/team/badge/tprvtu1448811527.png
Turkish Super Lig,Cardiff City,https://r2.thesportsdb.com/images/media/team/badge/xtytpt1448808285.png
Turkish Super Lig,Plymouth Argyle,https://r2.thesportsdb.com/images/media/team/badge/wod5cj1689630278.png
Turkish Super Lig,Luton Town,https://r2.thesportsdb.com/images/media/team/badge/v977eh1681319466.png
Turkish Super Lig,Huddersfield Town,https://r2.thesportsdb.com/images/media/team/badge/y11fin1677527513.png
Turkish Super Lig,Bradford City,https://r2.thesportsdb.com/images/media/team/badge/trwxxv1424033151.png
Turkish Super Lig,Rotherham United,https://r2.thesportsdb.com/images/media/team/badge/sewy0z1752149213.png
Turkish Super Lig,AFC Wimbledon,https://r2.thesportsdb.com/images/media/team/badge/md7iqx1684129667.png
Turkish Super Lig,Stockport County,https://r2.thesportsdb.com/images/media/team/badge/jcsz9k1594450753.png
Turkish Super Lig,Exeter City,https://r2.thesportsdb.com/images/media/team/badge/98wt4h1521144923.png
Turkish Super Lig,Leyton Orient,https://r2.thesportsdb.com/images/media/team/badge/g4d9bi1688678797.png
Turkish Super Lig,Northampton Town,https://r2.thesportsdb.com/images/media/team/badge/aa42641684131255.png
Turkish Super Lig,Port Vale,https://www.thesportsdb.com/images/media/team/badge/s1ke3v1761710614.png
Turkish Super Lig,Burton Albion,https://r2.thesportsdb.com/images/media/team/badge/uvpqpw1423804499.png
Turkish Super Lig,Stevenage,https://r2.thesportsdb.com/images/media/team/badge/o4m2ci1596480474.png
Turkish Super Lig,Mansfield Town,https://www.thesportsdb.com/images/media/team/badge/c1fpes1761709071.png
Turkish Super Lig,Wycombe Wanderers,https://r2.thesportsdb.com/images/media/team/badge/avi3bu1688678934.png
Turkish Super Lig,Lincoln City,https://r2.thesportsdb.com/images/media/team/badge/x46tji1719860130.png
Scottish Premiership,Bolton Wanderers,https://r2.thesportsdb.com/images/media/team/badge/yvxxrv1448808301.png
Scottish Premiership,Wigan Athletic,https://r2.thesportsdb.com/images/media/team/badge/wtxwyw1448759640.png
Scottish Premiership,Blackpool,https://r2.thesportsdb.com/images/media/team/badge/utywru1448754934.png
Scottish Premiership,Doncaster Rovers,https://r2.thesportsdb.com/images/media/team/badge/ssvpvx1424033260.png
Scottish Premiership,Barnsley,https://r2.thesportsdb.com/images/media/team/badge/xvxsuv1447437855.png
Scottish Premiership,Peterborough United,https://www.thesportsdb.com/images/media/team/badge/63gt4u1761710001.png
Scottish Premiership,Reading,https://r2.thesportsdb.com/images/media/team/badge/tprvtu1448811527.png
Scottish Premiership,Cardiff City,https://r2.thesportsdb.com/images/media/team/badge/xtytpt1448808285.png
Scottish Premiership,Plymouth Argyle,https://r2.thesportsdb.com/images/media/team/badge/wod5cj1689630278.png
Scottish Premiership,Luton Town,https://r2.thesportsdb.com/images/media/team/badge/v977eh1681319466.png
Scottish Premiership,Huddersfield Town,https://r2.thesportsdb.com/images/media/team/badge/y11fin1677527513.png
Scottish Premiership,Bradford City,https://r2.thesportsdb.com/images/media/team/badge/trwxxv1424033151.png
Scottish Premiership,Rotherham United,https://r2.thesportsdb.com/images/media/team/badge/sewy0z1752149213.png
Scottish Premiership,AFC Wimbledon,https://r2.thesportsdb.com/images/media/team/badge/md7iqx1684129667.png
Scottish Premiership,Stockport County,https://r2.thesportsdb.com/images/media/team/badge/jcsz9k1594450753.png
Scottish Premiership,Exeter City,https://r2.thesportsdb.com/images/media/team/badge/98wt4h1521144923.png
Scottish Premiership,Leyton Orient,https://r2.thesportsdb.com/images/media/team/badge/g4d9bi1688678797.png
Scottish Premiership,Northampton Town,https://r2.thesportsdb.com/images/media/team/badge/aa42641684131255.png
Scottish Premiership,Port Vale,https://www.thesportsdb.com/images/media/team/badge/s1ke3v1761710614.png
Scottish Premiership,Burton Albion,https://r2.thesportsdb.com/images/media/team/badge/uvpqpw1423804499.png
Scottish Premiership,Stevenage,https://r2.thesportsdb.com/images/media/team/badge/o4m2ci1596480474.png
Scottish Premiership,Mansfield Town,https://www.thesportsdb.com/images/media/team/badge/c1fpes1761709071.png
Scottish Premiership,Wycombe Wanderers,https://r2.thesportsdb.com/images/media/team/badge/avi3bu1688678934.png
Scottish Premiership,Lincoln City,https://r2.thesportsdb.com/images/media/team/badge/x46tji1719860130.png
USA Major League Soccer,Bolton Wanderers,https://r2.thesportsdb.com/images/media/team/badge/yvxxrv1448808301.png
USA Major League Soccer,Wigan Athletic,https://r2.thesportsdb.com/images/media/team/badge/wtxwyw1448759640.png
USA Major League Soccer,Blackpool,https://r2.thesportsdb.com/images/media/team/badge/utywru1448754934.png
USA Major League Soccer,Doncaster Rovers,https://r2.thesportsdb.com/images/media/team/badge/ssvpvx1424033260.png
USA Major League Soccer,Barnsley,https://r2.thesportsdb.com/images/media/team/badge/xvxsuv1447437855.png
USA Major League Soccer,Peterborough United,https://www.thesportsdb.com/images/media/team/badge/63gt4u1761710001.png
USA Major League Soccer,Reading,https://r2.thesportsdb.com/images/media/team/badge/tprvtu1448811527.png
USA Major League Soccer,Cardiff City,https://r2.thesportsdb.com/images/media/team/badge/xtytpt1448808285.png
USA Major League Soccer,Plymouth Argyle,https://r2.thesportsdb.com/images/media/team/badge/wod5cj1689630278.png
USA Major League Soccer,Luton Town,https://r2.thesportsdb.com/images/media/team/badge/v977eh1681319466.png
USA Major League Soccer,Huddersfield Town,https://r2.thesportsdb.com/images/media/team/badge/y11fin1677527513.png
USA Major League Soccer,Bradford City,https://r2.thesportsdb.com/images/media/team/badge/trwxxv1424033151.png
USA Major League Soccer,Rotherham United,https://r2.thesportsdb.com/images/media/team/badge/sewy0z1752149213.png
USA Major League Soccer,AFC Wimbledon,https://r2.thesportsdb.com/images/media/team/badge/md7iqx1684129667.png
USA Major League Soccer,Stockport County,https://r2.thesportsdb.com/images/media/team/badge/jcsz9k1594450753.png
USA Major League Soccer,Exeter City,https://r2.thesportsdb.com/images/media/team/badge/98wt4h1521144923.png
USA Major League Soccer,Leyton Orient,https://r2.thesportsdb.com/images/media/team/badge/g4d9bi1688678797.png
USA Major League Soccer,Northampton Town,https://r2.thesportsdb.com/images/media/team/badge/aa42641684131255.png
USA Major League Soccer,Port Vale,https://www.thesportsdb.com/images/media/team/badge/s1ke3v1761710614.png
USA Major League Soccer,Burton Albion,https://r2.thesportsdb.com/images/media/team/badge/uvpqpw1423804499.png
USA Major League Soccer,Stevenage,https://r2.thesportsdb.com/images/media/team/badge/o4m2ci1596480474.png
USA Major League Soccer,Mansfield Town,https://www.thesportsdb.com/images/media/team/badge/c1fpes1761709071.png
USA Major League Soccer,Wycombe Wanderers,https://r2.thesportsdb.com/images/media/team/badge/avi3bu1688678934.png
USA Major League Soccer,Lincoln City,https://r2.thesportsdb.com/images/media/team/badge/x46tji1719860130.png
Russian Premier League,Bolton Wanderers,https://r2.thesportsdb.com/images/media/team/badge/yvxxrv1448808301.png
Russian Premier League,Wigan Athletic,https://r2.thesportsdb.com/images/media/team/badge/wtxwyw1448759640.png
Russian Premier League,Blackpool,https://r2.thesportsdb.com/images/media/team/badge/utywru1448754934.png
Russian Premier League,Doncaster Rovers,https://r2.thesportsdb.com/images/media/team/badge/ssvpvx1424033260.png
Russian Premier League,Barnsley,https://r2.thesportsdb.com/images/media/team/badge/xvxsuv1447437855.png
Russian Premier League,Peterborough United,https://www.thesportsdb.com/images/media/team/badge/63gt4u1761710001.png
Russian Premier League,Reading,https://r2.thesportsdb.com/images/media/team/badge/tprvtu1448811527.png
Russian Premier League,Cardiff City,https://r2.thesportsdb.com/images/media/team/badge/xtytpt1448808285.png
Russian Premier League,Plymouth Argyle,https://r2.thesportsdb.com/images/media/team/badge/wod5cj1689630278.png
Russian Premier League,Luton Town,https://r2.thesportsdb.com/images/media/team/badge/v977eh1681319466.png
Russian Premier League,Huddersfield Town,https://r2.thesportsdb.com/images/media/team/badge/y11fin1677527513.png
Russian Premier League,Bradford City,https://r2.thesportsdb.com/images/media/team/badge/trwxxv1424033151.png
Russian Premier League,Rotherham United,https://r2.thesportsdb.com/images/media/team/badge/sewy0z1752149213.png
Russian Premier League,AFC Wimbledon,https://r2.thesportsdb.com/images/media/team/badge/md7iqx1684129667.png
Russian Premier League,Stockport County,https://r2.thesportsdb.com/images/media/team/badge/jcsz9k1594450753.png
Russian Premier League,Exeter City,https://r2.thesportsdb.com/images/media/team/badge/98wt4h1521144923.png
Russian Premier League,Leyton Orient,https://r2.thesportsdb.com/images/media/team/badge/g4d9bi1688678797.png
Russian Premier League,Northampton Town,https://r2.thesportsdb.com/images/media/team/badge/aa42641684131255.png
Russian Premier League,Port Vale,https://www.thesportsdb.com/images/media/team/badge/s1ke3v1761710614.png
Russian Premier League,Burton Albion,https://r2.thesportsdb.com/images/media/team/badge/uvpqpw1423804499.png
Russian Premier League,Stevenage,https://r2.thesportsdb.com/images/media/team/badge/o4m2ci1596480474.png
Russian Premier League,Mansfield Town,https://www.thesportsdb.com/images/media/team/badge/c1fpes1761709071.png
Russian Premier League,Wycombe Wanderers,https://r2.thesportsdb.com/images/media/team/badge/avi3bu1688678934.png
Russian Premier League,Lincoln City,https://r2.thesportsdb.com/images/media/team/badge/x46tji1719860130.png
Belgian Jupiler League,Bolton Wanderers,https://r2.thesportsdb.com/images/media/team/badge/yvxxrv1448808301.png
Belgian Jupiler League,Wigan Athletic,https://r2.thesportsdb.com/images/media/team/badge/wtxwyw1448759640.png
Belgian Jupiler League,Blackpool,https://r2.thesportsdb.com/images/media/team/badge/utywru1448754934.png
Belgian Jupiler League,Doncaster Rovers,https://r2.thesportsdb.com/images/media/team/badge/ssvpvx1424033260.png
Belgian Jupiler League,Barnsley,https://r2.thesportsdb.com/images/media/team/badge/xvxsuv1447437855.png
Belgian Jupiler League,Peterborough United,https://www.thesportsdb.com/images/media/team/badge/63gt4u1761710001.png
Belgian Jupiler League,Reading,https://r2.thesportsdb.com/images/media/team/badge/tprvtu1448811527.png
Belgian Jupiler League,Cardiff City,https://r2.thesportsdb.com/images/media/team/badge/xtytpt1448808285.png
Belgian Jupiler League,Plymouth Argyle,https://r2.thesportsdb.com/images/media/team/badge/wod5cj1689630278.png
Belgian Jupiler League,Luton Town,https://r2.thesportsdb.com/images/media/team/badge/v977eh1681319466.png
Belgian Jupiler League,Huddersfield Town,https://r2.thesportsdb.com/images/media/team/badge/y11fin1677527513.png
Belgian Jupiler League,Bradford City,https://r2.thesportsdb.com/images/media/team/badge/trwxxv1424033151.png
Belgian Jupiler League,Rotherham United,https://r2.thesportsdb.com/images/media/team/badge/sewy0z1752149213.png
Belgian Jupiler League,AFC Wimbledon,https://r2.thesportsdb.com/images/media/team/badge/md7iqx1684129667.png
Belgian Jupiler League,Stockport County,https://r2.thesportsdb.com/images/media/team/badge/jcsz9k1594450753.png
Belgian Jupiler League,Exeter City,https://r2.thesportsdb.com/images/media/team/badge/98wt4h1521144923.png
Belgian Jupiler League,Leyton Orient,https://r2.thesportsdb.com/images/media/team/badge/g4d9bi1688678797.png
Belgian Jupiler League,Northampton Town,https://r2.thesportsdb.com/images/media/team/badge/aa42641684131255.png
Belgian Jupiler League,Port Vale,https://www.thesportsdb.com/images/media/team/badge/s1ke3v1761710614.png
Belgian Jupiler League,Burton Albion,https://r2.thesportsdb.com/images/media/team/badge/uvpqpw1423804499.png
Belgian Jupiler League,Stevenage,https://r2.thesportsdb.com/images/media/team/badge/o4m2ci1596480474.png
Belgian Jupiler League,Mansfield Town,https://www.thesportsdb.com/images/media/team/badge/c1fpes1761709071.png
Belgian Jupiler League,Wycombe Wanderers,https://r2.thesportsdb.com/images/media/team/badge/avi3bu1688678934.png
Belgian Jupiler League,Lincoln City,https://r2.thesportsdb.com/images/media/team/badge/x46tji1719860130.png
Danish Superliga,Bolton Wanderers,https://r2.thesportsdb.com/images/media/team/badge/yvxxrv1448808301.png
Danish Superliga,Wigan Athletic,https://r2.thesportsdb.com/images/media/team/badge/wtxwyw1448759640.png
Danish Superliga,Blackpool,https://r2.thesportsdb.com/images/media/team/badge/utywru1448754934.png
Danish Superliga,Doncaster Rovers,https://r2.thesportsdb.com/images/media/team/badge/ssvpvx1424033260.png
Danish Superliga,Barnsley,https://r2.thesportsdb.com/images/media/team/badge/xvxsuv1447437855.png
Danish Superliga,Peterborough United,https://www.thesportsdb.com/images/media/team/badge/63gt4u1761710001.png
Danish Superliga,Reading,https://r2.thesportsdb.com/images/media/team/badge/tprvtu1448811527.png
Danish Superliga,Cardiff City,https://r2.thesportsdb.com/images/media/team/badge/xtytpt1448808285.png
Danish Superliga,Plymouth Argyle,https://r2.thesportsdb.com/images/media/team/badge/wod5cj1689630278.png
Danish Superliga,Luton Town,https://r2.thesportsdb.com/images/media/team/badge/v977eh1681319466.png
Danish Superliga,Huddersfield Town,https://r2.thesportsdb.com/images/media/team/badge/y11fin1677527513.png
Danish Superliga,Bradford City,https://r2.thesportsdb.com/images/media/team/badge/trwxxv1424033151.png
Danish Superliga,Rotherham United,https://r2.thesportsdb.com/images/media/team/badge/sewy0z1752149213.png
Danish Superliga,AFC Wimbledon,https://r2.thesportsdb.com/images/media/team/badge/md7iqx1684129667.png
Danish Superliga,Stockport County,https://r2.thesportsdb.com/images/media/team/badge/jcsz9k1594450753.png
Danish Superliga,Exeter City,https://r2.thesportsdb.com/images/media/team/badge/98wt4h1521144923.png
Danish Superliga,Leyton Orient,https://r2.thesportsdb.com/images/media/team/badge/g4d9bi1688678797.png
Danish Superliga,Northampton Town,https://r2.thesportsdb.com/images/media/team/badge/aa42641684131255.png
Danish Superliga,Port Vale,https://www.thesportsdb.com/images/media/team/badge/s1ke3v1761710614.png
Danish Superliga,Burton Albion,https://r2.thesportsdb.com/images/media/team/badge/uvpqpw1423804499.png
Danish Superliga,Stevenage,https://r2.thesportsdb.com/images/media/team/badge/o4m2ci1596480474.png
Danish Superliga,Mansfield Town,https://www.thesportsdb.com/images/media/team/badge/c1fpes1761709071.png
Danish Superliga,Wycombe Wanderers,https://r2.thesportsdb.com/images/media/team/badge/avi3bu1688678934.png
Danish Superliga,Lincoln City,https://r2.thesportsdb.com/images/media/team/badge/x46tji1719860130.png
Norwegian Eliteserien,Bolton Wanderers,https://r2.thesportsdb.com/images/media/team/badge/yvxxrv1448808301.png
Norwegian Eliteserien,Wigan Athletic,https://r2.thesportsdb.com/images/media/team/badge/wtxwyw1448759640.png
Norwegian Eliteserien,Blackpool,https://r2.thesportsdb.com/images/media/team/badge/utywru1448754934.png
Norwegian Eliteserien,Doncaster Rovers,https://r2.thesportsdb.com/images/media/team/badge/ssvpvx1424033260.png
Norwegian Eliteserien,Barnsley,https://r2.thesportsdb.com/images/media/team/badge/xvxsuv1447437855.png
Norwegian Eliteserien,Peterborough United,https://www.thesportsdb.com/images/media/team/badge/63gt4u1761710001.png
Norwegian Eliteserien,Reading,https://r2.thesportsdb.com/images/media/team/badge/tprvtu1448811527.png
Norwegian Eliteserien,Cardiff City,https://r2.thesportsdb.com/images/media/team/badge/xtytpt1448808285.png
Norwegian Eliteserien,Plymouth Argyle,https://r2.thesportsdb.com/images/media/team/badge/wod5cj1689630278.png
Norwegian Eliteserien,Luton Town,https://r2.thesportsdb.com/images/media/team/badge/v977eh1681319466.png
Norwegian Eliteserien,Huddersfield Town,https://r2.thesportsdb.com/images/media/team/badge/y11fin1677527513.png
Norwegian Eliteserien,Bradford City,https://r2.thesportsdb.com/images/media/team/badge/trwxxv1424033151.png
Norwegian Eliteserien,Rotherham United,https://r2.thesportsdb.com/images/media/team/badge/sewy0z1752149213.png
Norwegian Eliteserien,AFC Wimbledon,https://r2.thesportsdb.com/images/media/team/badge/md7iqx1684129667.png
Norwegian Eliteserien,Stockport County,https://r2.thesportsdb.com/images/media/team/badge/jcsz9k1594450753.png
Norwegian Eliteserien,Exeter City,https://r2.thesportsdb.com/images/media/team/badge/98wt4h1521144923.png
Norwegian Eliteserien,Leyton Orient,https://r2.thesportsdb.com/images/media/team/badge/g4d9bi1688678797.png
Norwegian Eliteserien,Northampton Town,https://r2.thesportsdb.com/images/media/team/badge/aa42641684131255.png
Norwegian Eliteserien,Port Vale,https://www.thesportsdb.com/images/media/team/badge/s1ke3v1761710614.png
Norwegian Eliteserien,Burton Albion,https://r2.thesportsdb.com/images/media/team/badge/uvpqpw1423804499.png
Norwegian Eliteserien,Stevenage,https://r2.thesportsdb.com/images/media/team/badge/o4m2ci1596480474.png
Norwegian Eliteserien,Mansfield Town,https://www.thesportsdb.com/images/media/team/badge/c1fpes1761709071.png
Norwegian Eliteserien,Wycombe Wanderers,https://r2.thesportsdb.com/images/media/team/badge/avi3bu1688678934.png
Norwegian Eliteserien,Lincoln City,https://r2.thesportsdb.com/images/media/team/badge/x46tji1719860130.png
Swedish Allsvenskan,Bolton Wanderers,https://r2.thesportsdb.com/images/media/team/badge/yvxxrv1448808301.png
Swedish Allsvenskan,Wigan Athletic,https://r2.thesportsdb.com/images/media/team/badge/wtxwyw1448759640.png
Swedish Allsvenskan,Blackpool,https://r2.thesportsdb.com/images/media/team/badge/utywru1448754934.png
Swedish Allsvenskan,Doncaster Rovers,https://r2.thesportsdb.com/images/media/team/badge/ssvpvx1424033260.png
Swedish Allsvenskan,Barnsley,https://r2.thesportsdb.com/images/media/team/badge/xvxsuv1447437855.png
Swedish Allsvenskan,Peterborough United,https://www.thesportsdb.com/images/media/team/badge/63gt4u1761710001.png
Swedish Allsvenskan,Reading,https://r2.thesportsdb.com/images/media/team/badge/tprvtu1448811527.png
Swedish Allsvenskan,Cardiff City,https://r2.thesportsdb.com/images/media/team/badge/xtytpt1448808285.png
Swedish Allsvenskan,Plymouth Argyle,https://r2.thesportsdb.com/images/media/team/badge/wod5cj1689630278.png
Swedish Allsvenskan,Luton Town,https://r2.thesportsdb.com/images/media/team/badge/v977eh1681319466.png
Swedish Allsvenskan,Huddersfield Town,https://r2.thesportsdb.com/images/media/team/badge/y11fin1677527513.png
Swedish Allsvenskan,Bradford City,https://r2.thesportsdb.com/images/media/team/badge/trwxxv1424033151.png
Swedish Allsvenskan,Rotherham United,https://r2.thesportsdb.com/images/media/team/badge/sewy0z1752149213.png
Swedish Allsvenskan,AFC Wimbledon,https://r2.thesportsdb.com/images/media/team/badge/md7iqx1684129667.png
Swedish Allsvenskan,Stockport County,https://r2.thesportsdb.com/images/media/team/badge/jcsz9k1594450753.png
Swedish Allsvenskan,Exeter City,https://r2.thesportsdb.com/images/media/team/badge/98wt4h1521144923.png
Swedish Allsvenskan,Leyton Orient,https://r2.thesportsdb.com/images/media/team/badge/g4d9bi1688678797.png
Swedish Allsvenskan,Northampton Town,https://r2.thesportsdb.com/images/media/team/badge/aa42641684131255.png
Swedish Allsvenskan,Port Vale,https://www.thesportsdb.com/images/media/team/badge/s1ke3v1761710614.png
Swedish Allsvenskan,Burton Albion,https://r2.thesportsdb.com/images/media/team/badge/uvpqpw1423804499.png
Swedish Allsvenskan,Stevenage,https://r2.thesportsdb.com/images/media/team/badge/o4m2ci1596480474.png
Swedish Allsvenskan,Mansfield Town,https://www.thesportsdb.com/images/media/team/badge/c1fpes1761709071.png
Swedish Allsvenskan,Wycombe Wanderers,https://r2.thesportsdb.com/images/media/team/badge/avi3bu1688678934.png
Swedish Allsvenskan,Lincoln City,https://r2.thesportsdb.com/images/media/team/badge/x46tji1719860130.png
Mexican Liga MX,Bolton Wanderers,https://r2.thesportsdb.com/images/media/team/badge/yvxxrv1448808301.png
Mexican Liga MX,Wigan Athletic,https://r2.thesportsdb.com/images/media/team/badge/wtxwyw1448759640.png
Mexican Liga MX,Blackpool,https://r2.thesportsdb.com/images/media/team/badge/utywru1448754934.png
Mexican Liga MX,Doncaster Rovers,https://r2.thesportsdb.com/images/media/team/badge/ssvpvx1424033260.png
Mexican Liga MX,Barnsley,https://r2.thesportsdb.com/images/media/team/badge/xvxsuv1447437855.png
Mexican Liga MX,Peterborough United,https://www.thesportsdb.com/images/media/team/badge/63gt4u1761710001.png
Mexican Liga MX,Reading,https://r2.thesportsdb.com/images/media/team/badge/tprvtu1448811527.png
Mexican Liga MX,Cardiff City,https://r2.thesportsdb.com/images/media/team/badge/xtytpt1448808285.png
Mexican Liga MX,Plymouth Argyle,https://r2.thesportsdb.com/images/media/team/badge/wod5cj1689630278.png
Mexican Liga MX,Luton Town,https://r2.thesportsdb.com/images/media/team/badge/v977eh1681319466.png
Mexican Liga MX,Huddersfield Town,https://r2.thesportsdb.com/images/media/team/badge/y11fin1677527513.png
Mexican Liga MX,Bradford City,https://r2.thesportsdb.com/images/media/team/badge/trwxxv1424033151.png
Mexican Liga MX,Rotherham United,https://r2.thesportsdb.com/images/media/team/badge/sewy0z1752149213.png
Mexican Liga MX,AFC Wimbledon,https://r2.thesportsdb.com/images/media/team/badge/md7iqx1684129667.png
Mexican Liga MX,Stockport County,https://r2.thesportsdb.com/images/media/team/badge/jcsz9k1594450753.png
Mexican Liga MX,Exeter City,https://r2.thesportsdb.com/images/media/team/badge/98wt4h1521144923.png
Mexican Liga MX,Leyton Orient,https://r2.thesportsdb.com/images/media/team/badge/g4d9bi1688678797.png
Mexican Liga MX,Northampton Town,https://r2.thesportsdb.com/images/media/team/badge/aa42641684131255.png
Mexican Liga MX,Port Vale,https://www.thesportsdb.com/images/media/team/badge/s1ke3v1761710614.png
Mexican Liga MX,Burton Albion,https://r2.thesportsdb.com/images/media/team/badge/uvpqpw1423804499.png
Mexican Liga MX,Stevenage,https://r2.thesportsdb.com/images/media/team/badge/o4m2ci1596480474.png
Mexican Liga MX,Mansfield Town,https://www.thesportsdb.com/images/media/team/badge/c1fpes1761709071.png
Mexican Liga MX,Wycombe Wanderers,https://r2.thesportsdb.com/images/media/team/badge/avi3bu1688678934.png
Mexican Liga MX,Lincoln City,https://r2.thesportsdb.com/images/media/team/badge/x46tji1719860130.png
Australian A-League,Bolton Wanderers,https://r2.thesportsdb.com/images/media/team/badge/yvxxrv1448808301.png
Australian A-League,Wigan Athletic,https://r2.thesportsdb.com/images/media/team/badge/wtxwyw1448759640.png
Australian A-League,Blackpool,https://r2.thesportsdb.com/images/media/team/badge/utywru1448754934.png
Australian A-League,Doncaster Rovers,https://r2.thesportsdb.com/images/media/team/badge/ssvpvx1424033260.png
Australian A-League,Barnsley,https://r2.thesportsdb.com/images/media/team/badge/xvxsuv1447437855.png
Australian A-League,Peterborough United,https://www.thesportsdb.com/images/media/team/badge/63gt4u1761710001.png
Australian A-League,Reading,https://r2.thesportsdb.com/images/media/team/badge/tprvtu1448811527.png
Australian A-League,Cardiff City,https://r2.thesportsdb.com/images/media/team/badge/xtytpt1448808285.png
Australian A-League,Plymouth Argyle,https://r2.thesportsdb.com/images/media/team/badge/wod5cj1689630278.png
Australian A-League,Luton Town,https://r2.thesportsdb.com/images/media/team/badge/v977eh1681319466.png
Australian A-League,Huddersfield Town,https://r2.thesportsdb.com/images/media/team/badge/y11fin1677527513.png
Australian A-League,Bradford City,https://r2.thesportsdb.com/images/media/team/badge/trwxxv1424033151.png
Australian A-League,Rotherham United,https://r2.thesportsdb.com/images/media/team/badge/sewy0z1752149213.png
Australian A-League,AFC Wimbledon,https://r2.thesportsdb.com/images/media/team/badge/md7iqx1684129667.png
Australian A-League,Stockport County,https://r2.thesportsdb.com/images/media/team/badge/jcsz9k1594450753.png
Australian A-League,Exeter City,https://r2.thesportsdb.com/images/media/team/badge/98wt4h1521144923.png
Australian A-League,Leyton Orient,https://r2.thesportsdb.com/images/media/team/badge/g4d9bi1688678797.png
Australian A-League,Northampton Town,https://r2.thesportsdb.com/images/media/team/badge/aa42641684131255.png
Australian A-League,Port Vale,https://www.thesportsdb.com/images/media/team/badge/s1ke3v1761710614.png
Australian A-League,Burton Albion,https://r2.thesportsdb.com/images/media/team/badge/uvpqpw1423804499.png
Australian A-League,Stevenage,https://r2.thesportsdb.com/images/media/team/badge/o4m2ci1596480474.png
Australian A-League,Mansfield Town,https://www.thesportsdb.com/images/media/team/badge/c1fpes1761709071.png
Australian A-League,Wycombe Wanderers,https://r2.thesportsdb.com/images/media/team/badge/avi3bu1688678934.png
Australian A-League,Lincoln City,https://r2.thesportsdb.com/images/media/team/badge/x46tji1719860130.png
Saudi Professional League,Bolton Wanderers,https://r2.thesportsdb.com/images/media/team/badge/yvxxrv1448808301.png
Saudi Professional League,Wigan Athletic,https://r2.thesportsdb.com/images/media/team/badge/wtxwyw1448759640.png
Saudi Professional League,Blackpool,https://r2.thesportsdb.com/images/media/team/badge/utywru1448754934.png
Saudi Professional League,Doncaster Rovers,https://r2.thesportsdb.com/images/media/team/badge/ssvpvx1424033260.png
Saudi Professional League,Barnsley,https://r2.thesportsdb.com/images/media/team/badge/xvxsuv1447437855.png
Saudi Professional League,Peterborough United,https://www.thesportsdb.com/images/media/team/badge/63gt4u1761710001.png
Saudi Professional League,Reading,https://r2.thesportsdb.com/images/media/team/badge/tprvtu1448811527.png
Saudi Professional League,Cardiff City,https://r2.thesportsdb.com/images/media/team/badge/xtytpt1448808285.png
Saudi Professional League,Plymouth Argyle,https://r2.thesportsdb.com/images/media/team/badge/wod5cj1689630278.png
Saudi Professional League,Luton Town,https://r2.thesportsdb.com/images/media/team/badge/v977eh1681319466.png
Saudi Professional League,Huddersfield Town,https://r2.thesportsdb.com/images/media/team/badge/y11fin1677527513.png
Saudi Professional League,Bradford City,https://r2.thesportsdb.com/images/media/team/badge/trwxxv1424033151.png
Saudi Professional League,Rotherham United,https://r2.thesportsdb.com/images/media/team/badge/sewy0z1752149213.png
Saudi Professional League,AFC Wimbledon,https://r2.thesportsdb.com/images/media/team/badge/md7iqx1684129667.png
Saudi Professional League,Stockport County,https://r2.thesportsdb.com/images/media/team/badge/jcsz9k1594450753.png
Saudi Professional League,Exeter City,https://r2.thesportsdb.com/images/media/team/badge/98wt4h1521144923.png
Saudi Professional League,Leyton Orient,https://r2.thesportsdb.com/images/media/team/badge/g4d9bi1688678797.png
Saudi Professional League,Northampton Town,https://r2.thesportsdb.com/images/media/team/badge/aa42641684131255.png
Saudi Professional League,Port Vale,https://www.thesportsdb.com/images/media/team/badge/s1ke3v1761710614.png
Saudi Professional League,Burton Albion,https://r2.thesportsdb.com/images/media/team/badge/uvpqpw1423804499.png
Saudi Professional League,Stevenage,https://r2.thesportsdb.com/images/media/team/badge/o4m2ci1596480474.png
Saudi Professional League,Mansfield Town,https://www.thesportsdb.com/images/media/team/badge/c1fpes1761709071.png
Saudi Professional League,Wycombe Wanderers,https://r2.thesportsdb.com/images/media/team/badge/avi3bu1688678934.png
Saudi Professional League,Lincoln City,https://r2.thesportsdb.com/images/media/team/badge/x46tji1719860130.png
English Championship,Bolton Wanderers,https://r2.thesportsdb.com/images/media/team/badge/yvxxrv1448808301.png
English Championship,Wigan Athletic,https://r2.thesportsdb.com/images/media/team/badge/wtxwyw1448759640.png
English Championship,Blackpool,https://r2.thesportsdb.com/images/media/team/badge/utywru1448754934.png
English Championship,Doncaster Rovers,https://r2.thesportsdb.com/images/media/team/badge/ssvpvx1424033260.png
English Championship,Barnsley,https://r2.thesportsdb.com/images/media/team/badge/xvxsuv1447437855.png
English Championship,Peterborough United,https://www.thesportsdb.com/images/media/team/badge/63gt4u1761710001.png
English Championship,Reading,https://r2.thesportsdb.com/images/media/team/badge/tprvtu1448811527.png
English Championship,Cardiff City,https://r2.thesportsdb.com/images/media/team/badge/xtytpt1448808285.png
English Championship,Plymouth Argyle,https://r2.thesportsdb.com/images/media/team/badge/wod5cj1689630278.png
English Championship,Luton Town,https://r2.thesportsdb.com/images/media/team/badge/v977eh1681319466.png
English Championship,Huddersfield Town,https://r2.thesportsdb.com/images/media/team/badge/y11fin1677527513.png
English Championship,Bradford City,https://r2.thesportsdb.com/images/media/team/badge/trwxxv1424033151.png
English Championship,Rotherham United,https://r2.thesportsdb.com/images/media/team/badge/sewy0z1752149213.png
English Championship,AFC Wimbledon,https://r2.thesportsdb.com/images/media/team/badge/md7iqx1684129667.png
English Championship,Stockport County,https://r2.thesportsdb.com/images/media/team/badge/jcsz9k1594450753.png
English Championship,Exeter City,https://r2.thesportsdb.com/images/media/team/badge/98wt4h1521144923.png
English Championship,Leyton Orient,https://r2.thesportsdb.com/images/media/team/badge/g4d9bi1688678797.png
English Championship,Northampton Town,https://r2.thesportsdb.com/images/media/team/badge/aa42641684131255.png
English Championship,Port Vale,https://www.thesportsdb.com/images/media/team/badge/s1ke3v1761710614.png
English Championship,Burton Albion,https://r2.thesportsdb.com/images/media/team/badge/uvpqpw1423804499.png
English Championship,Stevenage,https://r2.thesportsdb.com/images/media/team/badge/o4m2ci1596480474.png
English Championship,Mansfield Town,https://www.thesportsdb.com/images/media/team/badge/c1fpes1761709071.png
English Championship,Wycombe Wanderers,https://r2.thesportsdb.com/images/media/team/badge/avi3bu1688678934.png
English Championship,Lincoln City,https://r2.thesportsdb.com/images/media/team/badge/x46tji1719860130.png
Argentinian Primera Division,Bolton Wanderers,https://r2.thesportsdb.com/images/media/team/badge/yvxxrv1448808301.png
Argentinian Primera Division,Wigan Athletic,https://r2.thesportsdb.com/images/media/team/badge/wtxwyw1448759640.png
Argentinian Primera Division,Blackpool,https://r2.thesportsdb.com/images/media/team/badge/utywru1448754934.png
Argentinian Primera Division,Doncaster Rovers,https://r2.thesportsdb.com/images/media/team/badge/ssvpvx1424033260.png
Argentinian Primera Division,Barnsley,https://r2.thesportsdb.com/images/media/team/badge/xvxsuv1447437855.png
Argentinian Primera Division,Peterborough United,https://www.thesportsdb.com/images/media/team/badge/63gt4u1761710001.png
Argentinian Primera Division,Reading,https://r2.thesportsdb.com/images/media/team/badge/tprvtu1448811527.png
Argentinian Primera Division,Cardiff City,https://r2.thesportsdb.com/images/media/team/badge/xtytpt1448808285.png
Argentinian Primera Division,Plymouth Argyle,https://r2.thesportsdb.com/images/media/team/badge/wod5cj1689630278.png
Argentinian Primera Division,Luton Town,https://r2.thesportsdb.com/images/media/team/badge/v977eh1681319466.png
Argentinian Primera Division,Huddersfield Town,https://r2.thesportsdb.com/images/media/team/badge/y11fin1677527513.png
Argentinian Primera Division,Bradford City,https://r2.thesportsdb.com/images/media/team/badge/trwxxv1424033151.png
Argentinian Primera Division,Rotherham United,https://r2.thesportsdb.com/images/media/team/badge/sewy0z1752149213.png
Argentinian Primera Division,AFC Wimbledon,https://r2.thesportsdb.com/images/media/team/badge/md7iqx1684129667.png
Argentinian Primera Division,Stockport County,https://r2.thesportsdb.com/images/media/team/badge/jcsz9k1594450753.png
Argentinian Primera Division,Exeter City,https://r2.thesportsdb.com/images/media/team/badge/98wt4h1521144923.png
Argentinian Primera Division,Leyton Orient,https://r2.thesportsdb.com/images/media/team/badge/g4d9bi1688678797.png
Argentinian Primera Division,Northampton Town,https://r2.thesportsdb.com/images/media/team/badge/aa42641684131255.png
Argentinian Primera Division,Port Vale,https://www.thesportsdb.com/images/media/team/badge/s1ke3v1761710614.png
Argentinian Primera Division,Burton Albion,https://r2.thesportsdb.com/images/media/team/badge/uvpqpw1423804499.png
Argentinian Primera Division,Stevenage,https://r2.thesportsdb.com/images/media/team/badge/o4m2ci1596480474.png
Argentinian Primera Division,Mansfield Town,https://www.thesportsdb.com/images/media/team/badge/c1fpes1761709071.png
Argentinian Primera Division,Wycombe Wanderers,https://r2.thesportsdb.com/images/media/team/badge/avi3bu1688678934.png
Argentinian Primera Division,Lincoln City,https://r2.thesportsdb.com/images/media/team/badge/x46tji1719860130.png
Greek Super League,Bolton Wanderers,https://r2.thesportsdb.com/images/media/team/badge/yvxxrv1448808301.png
Greek Super League,Wigan Athletic,https://r2.thesportsdb.com/images/media/team/badge/wtxwyw1448759640.png
Greek Super League,Blackpool,https://r2.thesportsdb.com/images/media/team/badge/utywru1448754934.png
Greek Super League,Doncaster Rovers,https://r2.thesportsdb.com/images/media/team/badge/ssvpvx1424033260.png
Greek Super League,Barnsley,https://r2.thesportsdb.com/images/media/team/badge/xvxsuv1447437855.png
Greek Super League,Peterborough United,https://www.thesportsdb.com/images/media/team/badge/63gt4u1761710001.png
Greek Super League,Reading,https://r2.thesportsdb.com/images/media/team/badge/tprvtu1448811527.png
Greek Super League,Cardiff City,https://r2.thesportsdb.com/images/media/team/badge/xtytpt1448808285.png
Greek Super League,Plymouth Argyle,https://r2.thesportsdb.com/images/media/team/badge/wod5cj1689630278.png
Greek Super League,Luton Town,https://r2.thesportsdb.com/images/media/team/badge/v977eh1681319466.png
Greek Super League,Huddersfield Town,https://r2.thesportsdb.com/images/media/team/badge/y11fin1677527513.png
Greek Super League,Bradford City,https://r2.thesportsdb.com/images/media/team/badge/trwxxv1424033151.png
Greek Super League,Rotherham United,https://r2.thesportsdb.com/images/media/team/badge/sewy0z1752149213.png
Greek Super League,AFC Wimbledon,https://r2.thesportsdb.com/images/media/team/badge/md7iqx1684129667.png
Greek Super League,Stockport County,https://r2.thesportsdb.com/images/media/team/badge/jcsz9k1594450753.png
Greek Super League,Exeter City,https://r2.thesportsdb.com/images/media/team/badge/98wt4h1521144923.png
Greek Super League,Leyton Orient,https://r2.thesportsdb.com/images/media/team/badge/g4d9bi1688678797.png
Greek Super League,Northampton Town,https://r2.thesportsdb.com/images/media/team/badge/aa42641684131255.png
Greek Super League,Port Vale,https://www.thesportsdb.com/images/media/team/badge/s1ke3v1761710614.png
Greek Super League,Burton Albion,https://r2.thesportsdb.com/images/media/team/badge/uvpqpw1423804499.png
Greek Super League,Stevenage,https://r2.thesportsdb.com/images/media/team/badge/o4m2ci1596480474.png
Greek Super League,Mansfield Town,https://www.thesportsdb.com/images/media/team/badge/c1fpes1761709071.png
Greek Super League,Wycombe Wanderers,https://r2.thesportsdb.com/images/media/team/badge/avi3bu1688678934.png
Greek Super League,Lincoln City,https://r2.thesportsdb.com/images/media/team/badge/x46tji1719860130.png
Swiss Super League,Bolton Wanderers,https://r2.thesportsdb.com/images/media/team/badge/yvxxrv1448808301.png
Swiss Super League,Wigan Athletic,https://r2.thesportsdb.com/images/media/team/badge/wtxwyw1448759640.png
Swiss Super League,Blackpool,https://r2.thesportsdb.com/images/media/team/badge/utywru1448754934.png
Swiss Super League,Doncaster Rovers,https://r2.thesportsdb.com/images/media/team/badge/ssvpvx1424033260.png
Swiss Super League,Barnsley,https://r2.thesportsdb.com/images/media/team/badge/xvxsuv1447437855.png
Swiss Super League,Peterborough United,https://www.thesportsdb.com/images/media/team/badge/63gt4u1761710001.png
Swiss Super League,Reading,https://r2.thesportsdb.com/images/media/team/badge/tprvtu1448811527.png
Swiss Super League,Cardiff City,https://r2.thesportsdb.com/images/media/team/badge/xtytpt1448808285.png
Swiss Super League,Plymouth Argyle,https://r2.thesportsdb.com/images/media/team/badge/wod5cj1689630278.png
Swiss Super League,Luton Town,https://r2.thesportsdb.com/images/media/team/badge/v977eh1681319466.png
Swiss Super League,Huddersfield Town,https://r2.thesportsdb.com/images/media/team/badge/y11fin1677527513.png
Swiss Super League,Bradford City,https://r2.thesportsdb.com/images/media/team/badge/trwxxv1424033151.png
Swiss Super League,Rotherham United,https://r2.thesportsdb.com/images/media/team/badge/sewy0z1752149213.png
Swiss Super League,AFC Wimbledon,https://r2.thesportsdb.com/images/media/team/badge/md7iqx1684129667.png
Swiss Super League,Stockport County,https://r2.thesportsdb.com/images/media/team/badge/jcsz9k1594450753.png
Swiss Super League,Exeter City,https://r2.thesportsdb.com/images/media/team/badge/98wt4h1521144923.png
Swiss Super League,Leyton Orient,https://r2.thesportsdb.com/images/media/team/badge/g4d9bi1688678797.png
Swiss Super League,Northampton Town,https://r2.thesportsdb.com/images/media/team/badge/aa42641684131255.png
Swiss Super League,Port Vale,https://www.thesportsdb.com/images/media/team/badge/s1ke3v1761710614.png
Swiss Super League,Burton Albion,https://r2.thesportsdb.com/images/media/team/badge/uvpqpw1423804499.png
Swiss Super League,Stevenage,https://r2.thesportsdb.com/images/media/team/badge/o4m2ci1596480474.png
Swiss Super League,Mansfield Town,https://www.thesportsdb.com/images/media/team/badge/c1fpes1761709071.png
Swiss Super League,Wycombe Wanderers,https://r2.thesportsdb.com/images/media/team/badge/avi3bu1688678934.png
Swiss Super League,Lincoln City,https://r2.thesportsdb.com/images/media/team/badge/x46tji1719860130.png
Ukrainian Premier League,Bolton Wanderers,https://r2.thesportsdb.com/images/media/team/badge/yvxxrv1448808301.png
Ukrainian Premier League,Wigan Athletic,https://r2.thesportsdb.com/images/media/team/badge/wtxwyw1448759640.png
Ukrainian Premier League,Blackpool,https://r2.thesportsdb.com/images/media/team/badge/utywru1448754934.png
Ukrainian Premier League,Doncaster Rovers,https://r2.thesportsdb.com/images/media/team/badge/ssvpvx1424033260.png
Ukrainian Premier League,Barnsley,https://r2.thesportsdb.com/images/media/team/badge/xvxsuv1447437855.png
Ukrainian Premier League,Peterborough United,https://www.thesportsdb.com/images/media/team/badge/63gt4u1761710001.png
Ukrainian Premier League,Reading,https://r2.thesportsdb.com/images/media/team/badge/tprvtu1448811527.png
Ukrainian Premier League,Cardiff City,https://r2.thesportsdb.com/images/media/team/badge/xtytpt1448808285.png
Ukrainian Premier League,Plymouth Argyle,https://r2.thesportsdb.com/images/media/team/badge/wod5cj1689630278.png
Ukrainian Premier League,Luton Town,https://r2.thesportsdb.com/images/media/team/badge/v977eh1681319466.png
Ukrainian Premier League,Huddersfield Town,https://r2.thesportsdb.com/images/media/team/badge/y11fin1677527513.png
Ukrainian Premier League,Bradford City,https://r2.thesportsdb.com/images/media/team/badge/trwxxv1424033151.png
Ukrainian Premier League,Rotherham United,https://r2.thesportsdb.com/images/media/team/badge/sewy0z1752149213.png
Ukrainian Premier League,AFC Wimbledon,https://r2.thesportsdb.com/images/media/team/badge/md7iqx1684129667.png
Ukrainian Premier League,Stockport County,https://r2.thesportsdb.com/images/media/team/badge/jcsz9k1594450753.png
Ukrainian Premier League,Exeter City,https://r2.thesportsdb.com/images/media/team/badge/98wt4h1521144923.png
Ukrainian Premier League,Leyton Orient,https://r2.thesportsdb.com/images/media/team/badge/g4d9bi1688678797.png
Ukrainian Premier League,Northampton Town,https://r2.thesportsdb.com/images/media/team/badge/aa42641684131255.png
Ukrainian Premier League,Port Vale,https://www.thesportsdb.com/images/media/team/badge/s1ke3v1761710614.png
Ukrainian Premier League,Burton Albion,https://r2.thesportsdb.com/images/media/team/badge/uvpqpw1423804499.png
Ukrainian Premier League,Stevenage,https://r2.thesportsdb.com/images/media/team/badge/o4m2ci1596480474.png
Ukrainian Premier League,Mansfield Town,https://www.thesportsdb.com/images/media/team/badge/c1fpes1761709071.png
Ukrainian Premier League,Wycombe Wanderers,https://r2.thesportsdb.com/images/media/team/badge/avi3bu1688678934.png
Ukrainian Premier League,Lincoln City,https://r2.thesportsdb.com/images/media/team/badge/x46tji1719860130.png
Japanese J1 League,Bolton Wanderers,https://r2.thesportsdb.com/images/media/team/badge/yvxxrv1448808301.png
Japanese J1 League,Wigan Athletic,https://r2.thesportsdb.com/images/media/team/badge/wtxwyw1448759640.png
Japanese J1 League,Blackpool,https://r2.thesportsdb.com/images/media/team/badge/utywru1448754934.png
Japanese J1 League,Doncaster Rovers,https://r2.thesportsdb.com/images/media/team/badge/ssvpvx1424033260.png
Japanese J1 League,Barnsley,https://r2.thesportsdb.com/images/media/team/badge/xvxsuv1447437855.png
Japanese J1 League,Peterborough United,https://www.thesportsdb.com/images/media/team/badge/63gt4u1761710001.png
Japanese J1 League,Reading,https://r2.thesportsdb.com/images/media/team/badge/tprvtu1448811527.png
Japanese J1 League,Cardiff City,https://r2.thesportsdb.com/images/media/team/badge/xtytpt1448808285.png
Japanese J1 League,Plymouth Argyle,https://r2.thesportsdb.com/images/media/team/badge/wod5cj1689630278.png
Japanese J1 League,Luton Town,https://r2.thesportsdb.com/images/media/team/badge/v977eh1681319466.png
Japanese J1 League,Huddersfield Town,https://r2.thesportsdb.com/images/media/team/badge/y11fin1677527513.png
Japanese J1 League,Bradford City,https://r2.thesportsdb.com/images/media/team/badge/trwxxv1424033151.png
Japanese J1 League,Rotherham United,https://r2.thesportsdb.com/images/media/team/badge/sewy0z1752149213.png
Japanese J1 League,AFC Wimbledon,https://r2.thesportsdb.com/images/media/team/badge/md7iqx1684129667.png
Japanese J1 League,Stockport County,https://r2.thesportsdb.com/images/media/team/badge/jcsz9k1594450753.png
Japanese J1 League,Exeter City,https://r2.thesportsdb.com/images/media/team/badge/98wt4h1521144923.png
Japanese J1 League,Leyton Orient,https://r2.thesportsdb.com/images/media/team/badge/g4d9bi1688678797.png
Japanese J1 League,Northampton Town,https://r2.thesportsdb.com/images/media/team/badge/aa42641684131255.png
Japanese J1 League,Port Vale,https://www.thesportsdb.com/images/media/team/badge/s1ke3v1761710614.png
Japanese J1 League,Burton Albion,https://r2.thesportsdb.com/images/media/team/badge/uvpqpw1423804499.png
Japanese J1 League,Stevenage,https://r2.thesportsdb.com/images/media/team/badge/o4m2ci1596480474.png
Japanese J1 League,Mansfield Town,https://www.thesportsdb.com/images/media/team/badge/c1fpes1761709071.png
Japanese J1 League,Wycombe Wanderers,https://r2.thesportsdb.com/images/media/team/badge/avi3bu1688678934.png
Japanese J1 League,Lincoln City,https://r2.thesportsdb.com/images/media/team/badge/x46tji1719860130.png
Croatian First Football League,Bolton Wanderers,https://r2.thesportsdb.com/images/media/team/badge/yvxxrv1448808301.png
Croatian First Football League,Wigan Athletic,https://r2.thesportsdb.com/images/media/team/badge/wtxwyw1448759640.png
Croatian First Football League,Blackpool,https://r2.thesportsdb.com/images/media/team/badge/utywru1448754934.png
Croatian First Football League,Doncaster Rovers,https://r2.thesportsdb.com/images/media/team/badge/ssvpvx1424033260.png
Croatian First Football League,Barnsley,https://r2.thesportsdb.com/images/media/team/badge/xvxsuv1447437855.png
Croatian First Football League,Peterborough United,https://www.thesportsdb.com/images/media/team/badge/63gt4u1761710001.png
Croatian First Football League,Reading,https://r2.thesportsdb.com/images/media/team/badge/tprvtu1448811527.png
Croatian First Football League,Cardiff City,https://r2.thesportsdb.com/images/media/team/badge/xtytpt1448808285.png
Croatian First Football League,Plymouth Argyle,https://r2.thesportsdb.com/images/media/team/badge/wod5cj1689630278.png
Croatian First Football League,Luton Town,https://r2.thesportsdb.com/images/media/team/badge/v977eh1681319466.png
Croatian First Football League,Huddersfield Town,https://r2.thesportsdb.com/images/media/team/badge/y11fin1677527513.png
Croatian First Football League,Bradford City,https://r2.thesportsdb.com/images/media/team/badge/trwxxv1424033151.png
Croatian First Football League,Rotherham United,https://r2.thesportsdb.com/images/media/team/badge/sewy0z1752149213.png
Croatian First Football League,AFC Wimbledon,https://r2.thesportsdb.com/images/media/team/badge/md7iqx1684129667.png
Croatian First Football League,Stockport County,https://r2.thesportsdb.com/images/media/team/badge/jcsz9k1594450753.png
Croatian First Football League,Exeter City,https://r2.thesportsdb.com/images/media/team/badge/98wt4h1521144923.png
Croatian First Football League,Leyton Orient,https://r2.thesportsdb.com/images/media/team/badge/g4d9bi1688678797.png
Croatian First Football League,Northampton Town,https://r2.thesportsdb.com/images/media/team/badge/aa42641684131255.png
Croatian First Football League,Port Vale,https://www.thesportsdb.com/images/media/team/badge/s1ke3v1761710614.png
Croatian First Football League,Burton Albion,https://r2.thesportsdb.com/images/media/team/badge/uvpqpw1423804499.png
Croatian First Football League,Stevenage,https://r2.thesportsdb.com/images/media/team/badge/o4m2ci1596480474.png
Croatian First Football League,Mansfield Town,https://www.thesportsdb.com/images/media/team/badge/c1fpes1761709071.png
Croatian First Football League,Wycombe Wanderers,https://r2.thesportsdb.com/images/media/team/badge/avi3bu1688678934.png
Croatian First Football League,Lincoln City,https://r2.thesportsdb.com/images/media/team/badge/x46tji1719860130.png
Czech First League,Bolton Wanderers,https://r2.thesportsdb.com/images/media/team/badge/yvxxrv1448808301.png
Czech First League,Wigan Athletic,https://r2.thesportsdb.com/images/media/team/badge/wtxwyw1448759640.png
Czech First League,Blackpool,https://r2.thesportsdb.com/images/media/team/badge/utywru1448754934.png
Czech First League,Doncaster Rovers,https://r2.thesportsdb.com/images/media/team/badge/ssvpvx1424033260.png
Czech First League,Barnsley,https://r2.thesportsdb.com/images/media/team/badge/xvxsuv1447437855.png
Czech First League,Peterborough United,https://www.thesportsdb.com/images/media/team/badge/63gt4u1761710001.png
Czech First League,Reading,https://r2.thesportsdb.com/images/media/team/badge/tprvtu1448811527.png
Czech First League,Cardiff City,https://r2.thesportsdb.com/images/media/team/badge/xtytpt1448808285.png
Czech First League,Plymouth Argyle,https://r2.thesportsdb.com/images/media/team/badge/wod5cj1689630278.png
Czech First League,Luton Town,https://r2.thesportsdb.com/images/media/team/badge/v977eh1681319466.png
Czech First League,Huddersfield Town,https://r2.thesportsdb.com/images/media/team/badge/y11fin1677527513.png
Czech First League,Bradford City,https://r2.thesportsdb.com/images/media/team/badge/trwxxv1424033151.png
Czech First League,Rotherham United,https://r2.thesportsdb.com/images/media/team/badge/sewy0z1752149213.png
Czech First League,AFC Wimbledon,https://r2.thesportsdb.com/images/media/team/badge/md7iqx1684129667.png
Czech First League,Stockport County,https://r2.thesportsdb.com/images/media/team/badge/jcsz9k1594450753.png
Czech First League,Exeter City,https://r2.thesportsdb.com/images/media/team/badge/98wt4h1521144923.png
Czech First League,Leyton Orient,https://r2.thesportsdb.com/images/media/team/badge/g4d9bi1688678797.png
Czech First League,Northampton Town,https://r2.thesportsdb.com/images/media/team/badge/aa42641684131255.png
Czech First League,Port Vale,https://www.thesportsdb.com/images/media/team/badge/s1ke3v1761710614.png
Czech First League,Burton Albion,https://r2.thesportsdb.com/images/media/team/badge/uvpqpw1423804499.png
Czech First League,Stevenage,https://r2.thesportsdb.com/images/media/team/badge/o4m2ci1596480474.png
Czech First League,Mansfield Town,https://www.thesportsdb.com/images/media/team/badge/c1fpes1761709071.png
Czech First League,Wycombe Wanderers,https://r2.thesportsdb.com/images/media/team/badge/avi3bu1688678934.png
Czech First League,Lincoln City,https://r2.thesportsdb.com/images/media/team/badge/x46tji1719860130.png
Austrian Bundesliga,Bolton Wanderers,https://r2.thesportsdb.com/images/media/team/badge/yvxxrv1448808301.png
Austrian Bundesliga,Wigan Athletic,https://r2.thesportsdb.com/images/media/team/badge/wtxwyw1448759640.png
Austrian Bundesliga,Blackpool,https://r2.thesportsdb.com/images/media/team/badge/utywru1448754934.png
Austrian Bundesliga,Doncaster Rovers,https://r2.thesportsdb.com/images/media/team/badge/ssvpvx1424033260.png
Austrian Bundesliga,Barnsley,https://r2.thesportsdb.com/images/media/team/badge/xvxsuv1447437855.png
Austrian Bundesliga,Peterborough United,https://www.thesportsdb.com/images/media/team/badge/63gt4u1761710001.png
Austrian Bundesliga,Reading,https://r2.thesportsdb.com/images/media/team/badge/tprvtu1448811527.png
Austrian Bundesliga,Cardiff City,https://r2.thesportsdb.com/images/media/team/badge/xtytpt1448808285.png
Austrian Bundesliga,Plymouth Argyle,https://r2.thesportsdb.com/images/media/team/badge/wod5cj1689630278.png
Austrian Bundesliga,Luton Town,https://r2.thesportsdb.com/images/media/team/badge/v977eh1681319466.png
Austrian Bundesliga,Huddersfield Town,https://r2.thesportsdb.com/images/media/team/badge/y11fin1677527513.png
Austrian Bundesliga,Bradford City,https://r2.thesportsdb.com/images/media/team/badge/trwxxv1424033151.png
Austrian Bundesliga,Rotherham United,https://r2.thesportsdb.com/images/media/team/badge/sewy0z1752149213.png
Austrian Bundesliga,AFC Wimbledon,https://r2.thesportsdb.com/images/media/team/badge/md7iqx1684129667.png
Austrian Bundesliga,Stockport County,https://r2.thesportsdb.com/images/media/team/badge/jcsz9k1594450753.png
Austrian Bundesliga,Exeter City,https://r2.thesportsdb.com/images/media/team/badge/98wt4h1521144923.png
Austrian Bundesliga,Leyton Orient,https://r2.thesportsdb.com/images/media/team/badge/g4d9bi1688678797.png
Austrian Bundesliga,Northampton Town,https://r2.thesportsdb.com/images/media/team/badge/aa42641684131255.png
Austrian Bundesliga,Port Vale,https://www.thesportsdb.com/images/media/team/badge/s1ke3v1761710614.png
Austrian Bundesliga,Burton Albion,https://r2.thesportsdb.com/images/media/team/badge/uvpqpw1423804499.png
Austrian Bundesliga,Stevenage,https://r2.thesportsdb.com/images/media/team/badge/o4m2ci1596480474.png
Austrian Bundesliga,Mansfield Town,https://www.thesportsdb.com/images/media/team/badge/c1fpes1761709071.png
Austrian Bundesliga,Wycombe Wanderers,https://r2.thesportsdb.com/images/media/team/badge/avi3bu1688678934.png
Austrian Bundesliga,Lincoln City,https://r2.thesportsdb.com/images/media/team/badge/x46tji1719860130.png
